ID,Block,PC,Trials,Mean RT,Mean RT (C),Mean RT (I),Med RT,Med RT (C),Med RT (I),Max RT,Min RT,Max RT (C),Min RT (C),Max RT (I),Min RT (I),Num 0
New folder,PRACT1,1.00,23,430.57,430.57,NaN,429.00,429.00,NaN,674,250,674,250,NaN,NaN,0
New folder,PRACT2,0.88,24,385.12,394.38,320.3333333333333,398.00,401.00,390.0,580,35,580,255,536.0,35.0,0
New folder,TRIAL1,0.81,48,323.12,359.36,166.11111111111111,339.00,356.00,78.0,549,12,549,24,376.0,12.0,0
New folder,TRIAL2,0.96,48,400.83,403.30,344.0,392.50,392.50,344.0,933,90,933,210,598.0,90.0,0
New folder,TRIAL3,0.98,48,459.50,459.66,452.0,417.00,416.00,452.0,940,265,940,265,452.0,452.0,0
New folder,TRIAL4,0.92,48,406.85,428.30,171.0,377.50,388.50,179.0,764,0,764,270,326.0,0.0,1
New folder,TRIAL5,0.88,48,405.15,426.55,255.33333333333334,391.00,397.50,274.5,726,0,726,281,449.0,0.0,1
New folder,TRIAL6,0.88,48,426.90,461.64,183.66666666666666,429.50,450.50,217.0,854,0,854,308,317.0,0.0,1
