ID,Block,PC,Total Correct,Trials,Mean RT,Mean RT (C),Mean RT (I),Med RT,Med RT (C),Med RT (I),Max RT,Min RT,Max RT (C),Min RT (C),Max RT (I),Min RT (I),Num 0
MPIB Testv1 Exe Folder,PRACT_1,0.00,0,29,0.00,NaN,0.00,0.00,NaN,0.00,0,0,NaN,NaN,0,0,29
MPIB Testv1 Exe Folder,PRACT_2,0.50,15,30,492.93,985.8666666666667,0.00,274.50,1053.0,0.00,1327,0,1327.0,549.0,0,0,15
MPIB Testv1 Exe Folder,TRIAL1_1,0.70,21,30,795.50,834.0,705.67,843.50,828.0,914.00,1451,0,1451.0,479.0,1223,0,3
MPIB Testv1 Exe Folder,TRIAL1_2,0.87,26,30,747.47,860.1153846153846,15.25,825.50,854.5,0.00,1327,0,1327.0,572.0,61,0,3
MPIB Testv1 Exe Folder,TRIAL2_1,0.83,25,30,791.20,866.16,416.40,788.50,864.0,0.00,1394,0,1394.0,530.0,1269,0,3
MPIB Testv1 Exe Folder,TRIAL2_2,0.87,26,30,756.47,823.8076923076923,318.75,770.50,796.5,0.00,1275,0,1273.0,516.0,1275,0,3
