ID,Block,PC,Trials,Mean RT,Mean RT (C),Mean RT (I),Med RT,Med RT (C),Med RT (I),Max RT,Min RT,Max RT (C),Min RT (C),Max RT (I),Min RT (I),Num 0
New folder,PRACT1,1.00,23,435.22,435.22,NaN,429.00,429.00,NaN,579,306,579,306,NaN,NaN,0
New folder,PRACT2,1.00,24,361.58,361.58,NaN,356.00,356.00,NaN,536,269,536,269,NaN,NaN,0
New folder,TRIAL1,0.92,48,376.98,379.45,349.75,363.00,371.00,345.0,601,265,601,265,379.0,330.0,0
New folder,TRIAL2,0.92,48,427.85,425.23,456.75,437.50,426.00,468.0,595,280,595,280,546.0,345.0,0
New folder,TRIAL3,0.98,48,391.92,393.28,328.0,373.00,376.00,328.0,621,278,621,278,328.0,328.0,0
New folder,TRIAL4,0.94,48,386.29,402.80,138.66666666666666,378.00,379.00,14.0,624,0,624,279,402.0,0.0,1
New folder,TRIAL5,0.94,48,423.00,426.91,364.3333333333333,402.50,419.00,356.0,677,273,677,273,389.0,348.0,0
New folder,TRIAL6,0.98,48,424.38,433.40,0.0,412.00,415.00,0.0,841,0,841,265,0.0,0.0,1
