ID,Block,PC,Total Correct,Trials,Mean RT,Mean RT (C),Mean RT (I),Med RT,Med RT (C),Med RT (I),Max RT,Min RT,Max RT (C),Min RT (C),Max RT (I),Min RT (I),Num 0
MPIB Testv1 Exe Folder,PRACT_1,0.00,0,29,25.76,NaN,25.76,0.00,NaN,0.00,747,0,NaN,NaN,747,0,28
MPIB Testv1 Exe Folder,PRACT_2,0.53,16,30,604.53,856.375,316.71,699.00,789.5,0.00,1496,0,1496.0,418.0,1284,0,9
MPIB Testv1 Exe Folder,TRIAL1_1,0.77,23,30,532.07,670.2608695652174,78.00,558.50,651.0,0.00,1406,0,1406.0,13.0,546,0,6
MPIB Testv1 Exe Folder,TRIAL1_2,0.77,23,30,641.20,809.7391304347826,87.43,659.00,774.0,0.00,1368,0,1368.0,449.0,504,0,5
MPIB Testv1 Exe Folder,TRIAL2_1,0.90,27,30,690.40,767.1111111111111,0.00,645.50,760.0,0.00,1379,0,1379.0,16.0,0,0,3
MPIB Testv1 Exe Folder,TRIAL2_2,0.77,23,30,613.57,800.304347826087,0.00,650.00,728.0,0.00,1407,0,1407.0,123.0,0,0,7
