ID,Block,PC,Trials,Mean RT,Mean RT (C),Mean RT (I),Med RT,Med RT (C),Med RT (I),Max RT,Min RT,Max RT (C),Min RT (C),Max RT (I),Min RT (I),Num 0
New folder,PRACT1,0.33,9,2725.11,2323.6666666666665,2925.83,2499.00,2156.0,2583.50,4443,2035,2780.0,2035.0,4443,2195,0
New folder,TRIAL1,0.30,10,2888.90,1856.6666666666667,3331.29,2544.00,1736.0,3056.00,4501,1491,2343.0,1491.0,4501,2260,0
New folder,TRIAL2,0.00,10,2712.90,NaN,2712.90,2348.00,NaN,2348.00,5343,1803,NaN,NaN,5343,1803,0
