ID,Block,PC,Total Correct,Trials,Mean RT,Mean RT (C),Mean RT (I),Med RT,Med RT (C),Med RT (I),Max RT,Min RT,Max RT (C),Min RT (C),Max RT (I),Min RT (I),Num 0
New folder,PRACT_1,0.00,0,29,0.00,NaN,0.00,0.00,NaN,0.00,0,0,NaN,NaN,0,0,29
New folder,PRACT_2,0.77,23,30,783.23,847.6086956521739,571.71,856.00,855.0,875.00,1416,0,1416.0,22.0,1181,0,3
New folder,TRIAL1_1,0.87,26,30,781.93,855.8846153846154,301.25,825.00,836.5,0.00,1470,0,1470.0,396.0,1205,0,3
New folder,TRIAL1_2,0.90,27,30,627.50,697.2222222222222,0.00,601.00,607.0,0.00,1119,0,1119.0,342.0,0,0,3
New folder,TRIAL2_1,0.90,27,30,687.57,763.9629629629629,0.00,729.50,744.0,0.00,1148,0,1148.0,403.0,0,0,3
New folder,TRIAL2_2,0.83,25,30,693.93,737.96,473.80,706.50,722.0,0.00,1195,0,1189.0,420.0,1195,0,3
