ID,Block,PC,Total Correct,Trials,Mean RT,Mean RT (C),Mean RT (I),Med RT,Med RT (C),Med RT (I),Max RT,Min RT,Max RT (C),Min RT (C),Max RT (I),Min RT (I),Num 0
New folder,PRACT_1,0.00,0,29,0.00,NaN,0.00,0.00,NaN,0.00,0,0,NaN,NaN,0,0,29
New folder,PRACT_2,0.67,20,30,596.27,894.4,0.00,728.00,949.0,0.00,1356,0,1356.0,168.0,0,0,10
New folder,TRIAL1_1,0.90,27,30,663.57,737.2962962962963,0.00,671.00,708.0,0.00,1056,0,1056.0,531.0,0,0,3
New folder,TRIAL1_2,0.90,27,30,622.40,691.5555555555555,0.00,641.50,668.0,0.00,940,0,940.0,509.0,0,0,3
New folder,TRIAL2_1,0.90,27,30,618.60,687.3333333333334,0.00,657.50,670.0,0.00,1003,0,1003.0,486.0,0,0,3
New folder,TRIAL2_2,0.90,27,30,657.63,730.7037037037037,0.00,674.50,707.0,0.00,1136,0,1136.0,394.0,0,0,3
