ID,Block,PC,Total Correct,Trials,Mean RT,Mean RT (C),Mean RT (I),Med RT,Med RT (C),Med RT (I),Max RT,Min RT,Max RT (C),Min RT (C),Max RT (I),Min RT (I),Num 0
New folder,PRACT_1,0.00,0,29,0.00,NaN,0.00,0.00,NaN,0.00,0,0,NaN,NaN,0,0,29
New folder,PRACT_2,0.83,25,30,778.23,882.04,259.20,812.50,847.0,0.00,1336,0,1336.0,457.0,1296,0,4
New folder,TRIAL1_1,0.90,27,30,720.43,800.4814814814815,0.00,733.50,738.0,0.00,1340,0,1340.0,531.0,0,0,3
New folder,TRIAL1_2,0.90,27,30,730.27,811.4074074074074,0.00,775.00,782.0,0.00,1202,0,1202.0,584.0,0,0,3
New folder,TRIAL2_1,0.90,27,30,689.47,766.074074074074,0.00,757.50,804.0,0.00,1194,0,1194.0,429.0,0,0,3
New folder,TRIAL2_2,0.90,27,30,744.57,827.2962962962963,0.00,789.50,798.0,0.00,1276,0,1276.0,527.0,0,0,3
