ID,Block,PC,Trials,Mean RT,Mean RT (C),Mean RT (I),Med RT,Med RT (C),Med RT (I),Max RT,Min RT,Max RT (C),Min RT (C),Max RT (I),Min RT (I),Num 0
New folder,PRACT1,0.33,9,4489.33,3434.3333333333335,5016.83,4668.00,3140.0,5187.50,8332,2075,5064.0,2099.0,8332,2075,0
New folder,TRIAL1,0.30,10,6055.70,8025.666666666667,5211.43,5173.00,9133.0,5073.00,10812,3710,10812.0,4132.0,7251,3710,0
New folder,TRIAL2,0.00,10,3656.20,NaN,3656.20,3115.50,NaN,3115.50,8974,1995,NaN,NaN,8974,1995,0
