ID,Block,PC,Total Correct,Trials,Mean RT,Mean RT (C),Mean RT (I),Med RT,Med RT (C),Med RT (I),Max RT,Min RT,Max RT (C),Min RT (C),Max RT (I),Min RT (I),Num 0
New folder,PRACT_1,0.00,0,29,0.00,NaN,0.00,0.00,NaN,0.00,0,0,NaN,NaN,0,0,29
New folder,PRACT_2,0.37,11,30,337.30,628.2727272727273,168.84,76.50,475.0,0.00,1474,0,1474.0,153.0,1078,0,15
New folder,TRIAL1_1,0.27,8,30,330.13,755.5,175.45,0.00,664.5,0.00,1292,0,1292.0,386.0,943,0,17
New folder,TRIAL1_2,0.67,20,30,469.90,556.85,296.00,459.00,485.5,344.50,1112,0,1112.0,349.0,679,0,3
New folder,TRIAL2_1,0.60,18,30,501.67,605.7222222222222,345.58,493.00,568.5,410.00,1280,0,1280.0,121.0,652,0,3
New folder,TRIAL2_2,0.67,20,30,608.47,732.75,359.90,562.00,666.5,398.50,1491,0,1491.0,342.0,1147,0,3
