ID,Block,PC,Total Correct,Trials,Mean RT,Mean RT (C),Mean RT (I),Med RT,Med RT (C),Med RT (I),Max RT,Min RT,Max RT (C),Min RT (C),Max RT (I),Min RT (I),Num 0
New folder,PRACT_1,0.00,0,29,0.00,NaN,0.00,0.00,NaN,0.00,0,0,NaN,NaN,0,0,29
New folder,PRACT_2,0.63,19,30,637.30,750.8947368421053,441.09,612.50,691.0,595.00,1472,0,1472.0,471.0,916,0,3
New folder,TRIAL1_1,0.60,18,30,549.63,605.6666666666666,465.58,543.00,569.5,506.50,915,0,915.0,416.0,897,0,3
New folder,TRIAL1_2,0.67,20,30,555.77,633.85,399.60,560.50,587.0,494.50,1214,0,1214.0,387.0,781,0,3
New folder,TRIAL2_1,0.60,18,30,555.00,661.0555555555555,395.92,514.00,546.5,474.50,1193,0,1193.0,389.0,754,0,3
New folder,TRIAL2_2,0.67,20,30,515.40,550.05,446.10,550.00,568.5,517.50,1093,0,750.0,356.0,1093,0,3
