ID,Block,PC,Trials,Mean RT,Mean RT (C),Mean RT (I),Med RT,Med RT (C),Med RT (I),Max RT,Min RT,Max RT (C),Min RT (C),Max RT (I),Min RT (I),Num 0
New folder,PRACT1,1.00,23,313.09,313.09,NaN,302.00,302.00,NaN,433,228,433,228,NaN,NaN,0
New folder,PRACT2,0.92,24,297.46,298.91,281.5,294.00,297.50,281.5,357,245,357,245,283.0,280.0,0
New folder,TRIAL1,0.83,48,313.06,306.07,348.0,302.50,300.50,321.5,476,243,386,243,476.0,294.0,0
New folder,TRIAL2,0.75,48,247.98,290.97,119.0,289.50,295.50,0.0,405,0,349,213,405.0,0.0,8
New folder,TRIAL3,0.71,48,250.92,293.12,148.42857142857142,285.50,288.50,0.0,403,0,403,223,383.0,0.0,8
New folder,TRIAL4,0.94,48,304.27,316.00,128.33333333333334,314.50,315.00,0.0,452,0,452,256,385.0,0.0,2
New folder,TRIAL5,0.92,48,310.25,310.39,308.75,311.00,310.00,317.0,401,225,401,225,339.0,262.0,0
New folder,TRIAL6,0.98,48,316.52,318.11,242.0,311.50,315.00,242.0,477,242,477,249,242.0,242.0,0
