ID,Block,PC,Total Correct,Trials,Mean RT,Mean RT (C),Mean RT (I),Med RT,Med RT (C),Med RT (I),Max RT,Min RT,Max RT (C),Min RT (C),Max RT (I),Min RT (I),Num 0
New folder,PRACT_1,0.00,0,29,0.00,NaN,0.00,0.00,NaN,0.00,0,0,NaN,NaN,0,0,29
New folder,PRACT_2,0.83,25,30,670.30,760.68,218.40,694.00,721.0,0.00,1261,0,1261.0,501.0,1092,0,4
New folder,TRIAL1_1,0.90,27,30,703.60,781.7777777777778,0.00,737.50,764.0,0.00,1164,0,1164.0,601.0,0,0,3
New folder,TRIAL1_2,0.87,26,30,691.90,775.1538461538462,150.75,662.00,689.0,0.00,1182,0,1182.0,530.0,603,0,3
New folder,TRIAL2_1,0.90,27,30,634.00,704.4444444444445,0.00,658.00,669.0,0.00,1116,0,1116.0,438.0,0,0,3
New folder,TRIAL2_2,0.90,27,30,578.73,643.0370370370371,0.00,601.50,611.0,0.00,955,0,955.0,428.0,0,0,3
