ID,Block,PC,Trials,Mean RT,Mean RT (C),Mean RT (I),Med RT,Med RT (C),Med RT (I),Max RT,Min RT,Max RT (C),Min RT (C),Max RT (I),Min RT (I),Num 0
New folder,PRACT1,0.91,23,250.83,255.52,201.5,255.00,257.00,201.5,333,157,333,157,239.0,164.0,0
New folder,PRACT2,0.96,24,263.29,264.57,234.0,255.00,259.00,234.0,429,172,429,172,234.0,234.0,0
New folder,TRIAL1,0.96,48,261.92,264.72,197.5,259.00,259.00,197.5,369,117,369,161,278.0,117.0,0
New folder,TRIAL2,0.94,48,262.65,263.71,246.66666666666666,265.00,267.00,234.0,352,172,352,185,334.0,172.0,0
New folder,TRIAL3,1.00,48,282.65,282.65,NaN,276.50,276.50,NaN,456,123,456,123,NaN,NaN,0
New folder,TRIAL4,0.94,48,264.90,270.00,188.33333333333334,265.50,266.00,203.0,382,147,382,167,215.0,147.0,0
New folder,TRIAL5,0.85,48,290.60,293.41,274.14285714285717,279.00,282.00,256.0,422,205,422,205,342.0,232.0,0
New folder,TRIAL6,0.98,48,291.27,297.47,0.0,290.50,291.00,0.0,432,0,432,226,0.0,0.0,1
